country,region,year,pop_total,pop_growth,avg_temp_c,avg_temp_f
Afghanistan,South Asia,2000,20779953,2.97505284644171,15.822666666666663,60.480799999999995
Afghanistan,South Asia,2001,21606988,3.90280570094654,15.847916666666665,60.526250000000005
Afghanistan,South Asia,2002,22600770,4.49671956064979,15.714583333333332,60.286249999999995
Afghanistan,South Asia,2003,23680871,4.66836149396509,15.132583333333331,59.23865
Afghanistan,South Asia,2004,24726684,4.3215392956708,16.128416666666666,61.03115
Afghanistan,South Asia,2005,25654277,3.68273179651497,14.847499999999998,58.725500000000004
Afghanistan,South Asia,2006,26433049,2.99047809385985,15.798500000000002,60.43729999999999
Afghanistan,South Asia,2007,27100536,2.49384229934363,15.518,59.9324
Afghanistan,South Asia,2008,27722276,2.26827714453847,15.479249999999999,59.86265000000001
Afghanistan,South Asia,2009,28394813,2.39702099079878,15.093333333333334,59.168000000000006
Afghanistan,South Asia,2010,29185507,2.74657628012835,15.676,60.216800000000006
Afghanistan,South Asia,2011,30117413,3.14312590262153,15.812166666666668,60.46190000000001
Afghanistan,South Asia,2012,31161376,3.40758697372751,14.510333333333335,58.11860000000001
Afghanistan,South Asia,2013,32269589,3.49458904891961,16.206125,61.17102499999999
Angola,Sub-Saharan Africa,2000,16395473,3.27720355508788,24.41033333333333,75.9386
Angola,Sub-Saharan Africa,2001,16945753,3.3011981819287,24.427083333333332,75.96874999999999
Angola,Sub-Saharan Africa,2002,17519417,3.32925667399073,24.790916666666664,76.62365
Angola,Sub-Saharan Africa,2003,18121479,3.37881111015826,24.867166666666673,76.76089999999999
Angola,Sub-Saharan Africa,2004,18758145,3.45301382916021,24.216166666666666,75.5891
Angola,Sub-Saharan Africa,2005,19433602,3.53755715435985,24.41458333333333,75.94625
Angola,Sub-Saharan Africa,2006,20149901,3.6195745593604,24.13841666666667,75.44915
Angola,Sub-Saharan Africa,2007,20905363,3.68063536954353,24.241583333333327,75.63485000000001
Angola,Sub-Saharan Africa,2008,21695634,3.71053132219744,24.266333333333336,75.6794
Angola,Sub-Saharan Africa,2009,22514281,3.70387768309131,24.325083333333335,75.78515
Angola,Sub-Saharan Africa,2010,23356246,3.67146240136924,24.440250000000002,75.99245
Angola,Sub-Saharan Africa,2011,24220661,3.63415862558996,24.150750000000002,75.47135000000002
Angola,Sub-Saharan Africa,2012,25107931,3.59777430762499,24.24008333333333,75.63215
Angola,Sub-Saharan Africa,2013,26015780,3.55195046716591,24.553874999999998,76.19697500000001
Australia,East Asia & Pacific,2000,19153000,1.19227232344832,15.943750000000001,60.69875
Australia,East Asia & Pacific,2001,19413000,1.34835834227145,16.017250000000004,60.83104999999998
Australia,East Asia & Pacific,2002,19651400,1.22056378534358,15.904833333333334,60.62869999999999
Australia,East Asia & Pacific,2003,19895400,1.23399666342628,15.788958333333335,60.42012499999999
Australia,East Asia & Pacific,2004,20127400,1.15935216218033,15.805875000000002,60.45057499999999
Australia,East Asia & Pacific,2005,20394800,1.31978955436191,16.20329166666667,61.16592499999999
Australia,East Asia & Pacific,2006,20697900,1.47522794532757,15.870291666666665,60.56652499999999
Australia,East Asia & Pacific,2007,20827600,0.624678435014185,16.50633333333333,61.71139999999999
Australia,East Asia & Pacific,2008,21249200,2.00402174031569,15.715833333333336,60.28849999999999
Australia,East Asia & Pacific,2009,21691700,2.0610451296841,16.411625,61.540924999999994
Australia,East Asia & Pacific,2010,22031750,1.55548958906995,16.115333333333332,61.0076
Australia,East Asia & Pacific,2011,22340024,1.38952731561803,15.952125000000002,60.713824999999986
Australia,East Asia & Pacific,2012,22733465,1.74582000067359,15.8715,60.5687
Australia,East Asia & Pacific,2013,23128129,1.721151439989,16.415625,61.548125
Bangladesh,South Asia,2000,127657854,1.95238739042337,25.90525,78.62945
Bangladesh,South Asia,2001,130088702,1.88628714466314,25.931249999999995,78.67625
Bangladesh,South Asia,2002,132478086,1.82007022128666,26.094999999999995,78.971
Bangladesh,South Asia,2003,134791603,1.73126611842793,25.92741666666667,78.66935000000001
Bangladesh,South Asia,2004,136986432,1.61519801742418,26.136083333333332,79.04495
Bangladesh,South Asia,2005,139035505,1.48474477409202,26.19333333333333,79.148
Bangladesh,South Asia,2006,140921167,1.34713025648415,26.44041666666666,79.59275000000001
Bangladesh,South Asia,2007,142660376,1.22661777504995,25.951333333333334,78.7124
Bangladesh,South Asia,2008,144304167,1.14565302181621,26.004499999999997,78.80810000000001
Bangladesh,South Asia,2009,145924797,1.11680572615486,26.53558333333333,79.76405000000001
Bangladesh,South Asia,2010,147575430,1.12480349318572,26.648166666666665,79.96670000000002
Bangladesh,South Asia,2011,149273778,1.14426212709209,25.803250000000002,78.44585000000001
Bangladesh,South Asia,2012,151007807,1.15494812990907,26.28358333333333,79.31045
Bangladesh,South Asia,2013,152764676,1.1567134531016,26.587,79.85660000000001
Brazil,Latin America & Caribbean,2000,174790340,1.42416743408748,23.612944444444445,74.50330000000002
Brazil,Latin America & Caribbean,2001,177196054,1.36695707635304,23.990944444444445,75.18370000000003
Brazil,Latin America & Caribbean,2002,179537520,1.31274418552691,24.261180555555555,75.67012499999998
Brazil,Latin America & Caribbean,2003,181809246,1.25738273806831,24.00302777777777,75.20544999999998
Brazil,Latin America & Caribbean,2004,184006481,1.2012941278805,23.59476388888888,74.47057499999997
Brazil,Latin America & Caribbean,2005,186127103,1.14588099838722,24.039263888888893,75.270675
Brazil,Latin America & Caribbean,2006,188167356,1.0901968535216,23.752055555555554,74.75370000000001
Brazil,Latin America & Caribbean,2007,190130443,1.0378620369676,24.04238888888889,75.27629999999998
Brazil,Latin America & Caribbean,2008,192030362,0.994311623883366,23.669041666666672,74.604275
Brazil,Latin America & Caribbean,2009,193886508,0.96194826263909,24.00934722222222,75.21682500000003
Brazil,Latin America & Caribbean,2010,195713635,0.937956737505973,24.12948611111111,75.43307499999997
Brazil,Latin America & Caribbean,2011,197514534,0.915962656318059,23.57073611111111,74.42732500000001
Brazil,Latin America & Caribbean,2012,199287296,0.893531057922595,24.119944444444442,75.41590000000001
Brazil,Latin America & Caribbean,2013,201035903,0.873603191241425,23.880937500000012,74.9856875
Canada,North America,2000,30685730,0.931281553452429,5.905874999999999,42.63057500000001
Canada,North America,2001,31020902,1.08635096562717,7.1128333333333345,44.80309999999999
Canada,North America,2002,31360079,1.08744792718674,6.7484583333333354,44.14722499999999
Canada,North America,2003,31644028,0.901372739095955,5.469041666666667,41.844274999999996
Canada,North America,2004,31940655,0.933020777495183,5.6522083333333315,42.173975
Canada,North America,2005,32243753,0.944466927450734,6.583916666666666,43.851049999999994
Canada,North America,2006,32571174,1.01033450270045,7.400500000000001,45.320899999999995
Canada,North America,2007,32889025,0.971135141368055,6.158666666666668,43.0856
Canada,North America,2008,33247118,1.08290711607014,6.096791666666668,42.974225
Canada,North America,2009,33628895,1.14175809912162,5.7785,42.4013
Canada,North America,2010,34004889,1.11186407517168,7.444458333333333,45.40002500000001
Canada,North America,2011,34339328,0.978697786570341,6.910416666666666,44.43875
Canada,North America,2012,34714222,1.08581726304756,7.879333333333335,46.18280000000001
Canada,North America,2013,35082954,1.05659125917789,8.15988888888889,46.68779999999999
Chile,Latin America & Caribbean,2000,15342353,1.17721142767665,5.947749999999999,42.70595
Chile,Latin America & Caribbean,2001,15516113,1.12618583494464,6.414666666666666,43.5464
Chile,Latin America & Caribbean,2002,15684409,1.07881292652664,6.25025,43.25045
Chile,Latin America & Caribbean,2003,15849652,1.04803826249803,6.7739166666666675,44.19305
Chile,Latin America & Caribbean,2004,16014971,1.03764280108146,6.316333333333334,43.36939999999999
Chile,Latin America & Caribbean,2005,16182721,1.04200958151135,6.222416666666668,43.20035000000001
Chile,Latin America & Caribbean,2006,16354504,1.05592653411586,6.838916666666667,44.31005000000001
Chile,Latin America & Caribbean,2007,16530195,1.06853750831829,5.510916666666667,41.91965
Chile,Latin America & Caribbean,2008,16708258,1.07143797237155,6.567666666666667,43.821799999999996
Chile,Latin America & Caribbean,2009,16886186,1.05928030084099,6.703833333333333,44.0669
Chile,Latin America & Caribbean,2010,17062536,1.03892916043728,6.132833333333333,43.0391
Chile,Latin America & Caribbean,2011,17233576,0.997439115198244,6.268583333333333,43.28345000000001
Chile,Latin America & Caribbean,2012,17400347,0.963057456532428,6.818666666666666,44.27360000000001
Chile,Latin America & Caribbean,2013,17571507,0.978852117140791,5.938124999999999,42.688625
China,East Asia & Pacific,2000,1262645000,0.787956592953992,12.679666666666664,54.823399999999964
China,East Asia & Pacific,2001,1271850000,0.726380637838525,12.886666666666672,55.196
China,East Asia & Pacific,2002,1280400000,0.669999567758626,13.23345312500001,55.820215624999975
China,East Asia & Pacific,2003,1288400000,0.622860936133583,12.86834895833333,55.163028125000004
China,East Asia & Pacific,2004,1296075000,0.593932815112141,13.168322916666662,55.70298125000003
China,East Asia & Pacific,2005,1303720000,0.588124989556992,12.694156249999994,54.849481250000046
China,East Asia & Pacific,2006,1311020000,0.558374367373002,13.312494791666651,55.962490624999965
China,East Asia & Pacific,2007,1317885000,0.522271866392275,13.610291666666654,56.498525
China,East Asia & Pacific,2008,1324655000,0.51238693163744,12.990822916666664,55.38348124999998
China,East Asia & Pacific,2009,1331260000,0.497381400884935,12.96432812500001,55.335790624999966
China,East Asia & Pacific,2010,1337705000,0.482959688678361,12.552192708333335,54.59394687500001
China,East Asia & Pacific,2011,1344130000,0.47915045424996,12.606385416666674,54.69149375000004
China,East Asia & Pacific,2012,1350695000,0.487231117971201,12.384947916666663,54.29290625000002
China,East Asia & Pacific,2013,1357380000,0.49370963351136,14.225585937500005,57.60605468749999
Colombia,Latin America & Caribbean,2000,39629965,1.60375190216718,21.11820833333333,70.012775
Colombia,Latin America & Caribbean,2001,40255956,1.56724440399711,21.6195,70.9151
Colombia,Latin America & Caribbean,2002,40875363,1.52695418393204,21.826125,71.28702500000001
Colombia,Latin America & Caribbean,2003,41483872,1.47772152838485,21.787666666666667,71.2178
Colombia,Latin America & Caribbean,2004,42075953,1.4171664654293,21.738249999999997,71.12885000000001
Colombia,Latin America & Caribbean,2005,42647731,1.34976822034893,21.806375,71.251475
Colombia,Latin America & Caribbean,2006,43200901,1.2887279460493,21.69158333333333,71.04485
Colombia,Latin America & Caribbean,2007,43737512,1.23447805438202,21.603291666666664,70.88592500000001
Colombia,Latin America & Caribbean,2008,44254972,1.17615946658969,21.20241666666666,70.16435
Colombia,Latin America & Caribbean,2009,44750054,1.11249247002773,21.937124999999998,71.486825
Colombia,Latin America & Caribbean,2010,45222699,1.05064996242948,21.818541666666672,71.273375
Colombia,Latin America & Caribbean,2011,45662747,0.968365031109833,21.437124999999998,70.58682499999999
Colombia,Latin America & Caribbean,2012,46075721,0.900335047336095,21.668166666666668,71.0027
Colombia,Latin America & Caribbean,2013,46495492,0.906920982436048,21.935375,71.48367499999999
Germany,Europe & Central Asia,2000,82211508,0.135431600393084,10.963666666666668,51.7346
Germany,Europe & Central Asia,2001,82349925,0.168225361337335,9.69025,49.44245
Germany,Europe & Central Asia,2002,82488495,0.168128319406931,10.264416666666667,50.475950000000005
Germany,Europe & Central Asia,2003,82534176,0.0553633035873241,10.06575,50.11835
Germany,Europe & Central Asia,2004,82516260,-0.021709727650009,9.822583333333332,49.68064999999999
Germany,Europe & Central Asia,2005,82469422,-0.0567782618352031,9.919083333333333,49.854350000000004
Germany,Europe & Central Asia,2006,82376451,-0.112797497644931,10.545333333333334,50.98160000000001
Germany,Europe & Central Asia,2007,82266372,-0.133718572600486,10.883166666666668,51.58969999999999
Germany,Europe & Central Asia,2008,82110097,-0.190142844695674,10.65775,51.18395
Germany,Europe & Central Asia,2009,81902307,-0.253383410163402,10.0625,50.112500000000004
Germany,Europe & Central Asia,2010,81776930,-0.153198446937304,8.606833333333332,47.49230000000001
Germany,Europe & Central Asia,2011,80274983,-1.8537146287573,10.556416666666665,51.00155000000001
Germany,Europe & Central Asia,2012,80425823,0.187727800567293,9.964333333333332,49.9358
Germany,Europe & Central Asia,2013,80645605,0.272900214681538,10.121500000000001,50.2187
Dominican Republic,Latin America & Caribbean,2000,8471321,1.52296747260303,26.34691666666667,79.42445000000001
Dominican Republic,Latin America & Caribbean,2001,8598601,1.49130568852201,26.798249999999996,80.23684999999999
Dominican Republic,Latin America & Caribbean,2002,8724975,1.45900871469339,27.051000000000002,80.69180000000001
Dominican Republic,Latin America & Caribbean,2003,8850317,1.42636748325123,27.09175,80.76515
Dominican Republic,Latin America & Caribbean,2004,8974444,1.39277050072613,26.707416666666674,80.07335
Dominican Republic,Latin America & Caribbean,2005,9097257,1.35919569180063,26.90458333333333,80.42825
Dominican Republic,Latin America & Caribbean,2006,9218686,1.32595716304608,27.080833333333327,80.7455
Dominican Republic,Latin America & Caribbean,2007,9338861,1.29517850531645,27.120916666666673,80.81765
Dominican Republic,Latin America & Caribbean,2008,9458075,1.26845777888478,26.56266666666667,79.8128
Dominican Republic,Latin America & Caribbean,2009,9576737,1.24680545504647,26.88366666666666,80.3906
Dominican Republic,Latin America & Caribbean,2010,9695121,1.22858407412758,27.012083333333337,80.62174999999999
Dominican Republic,Latin America & Caribbean,2011,9813210,1.21066679019397,26.6635,79.9943
Dominican Republic,Latin America & Caribbean,2012,9930911,1.1922778865585,26.839416666666665,80.31095
Dominican Republic,Latin America & Caribbean,2013,10048224,1.17436864265973,26.884,80.3912
Spain,Europe & Central Asia,2000,40567864,0.447137014535835,12.203000000000003,53.965399999999995
Spain,Europe & Central Asia,2001,40850412,0.694068084334464,12.329750000000002,54.19354999999999
Spain,Europe & Central Asia,2002,41431558,1.41259540475782,12.515833333333333,54.5285
Spain,Europe & Central Asia,2003,42187645,1.80845446818345,12.924083333333334,55.263349999999996
Spain,Europe & Central Asia,2004,42921895,1.7254663034483,12.172416666666669,53.910349999999994
Spain,Europe & Central Asia,2005,43653155,1.68934904712031,12.262666666666666,54.07280000000001
Spain,Europe & Central Asia,2006,44397319,1.69035255626114,13.056916666666668,55.50245000000001
Spain,Europe & Central Asia,2007,45226803,1.85108130845179,11.888750000000002,53.399750000000004
Spain,Europe & Central Asia,2008,45954106,1.59533049906372,11.91666666666667,53.449999999999996
Spain,Europe & Central Asia,2009,46362946,0.88573598057307,12.958999999999998,55.3262
Spain,Europe & Central Asia,2010,46576897,0.460408305051304,12.006416666666667,53.61155
Spain,Europe & Central Asia,2011,46742697,0.355338396471428,13.2765,55.89769999999999
Spain,Europe & Central Asia,2012,46773055,0.0649259625617232,12.329833333333331,54.19370000000001
Spain,Europe & Central Asia,2013,46620045,-0.327669039579687,12.684875000000002,54.832775000000005
Ethiopia,Sub-Saharan Africa,2000,66224804,2.88267254878244,18.24125,64.83425
Ethiopia,Sub-Saharan Africa,2001,68159423,2.87943415632872,18.29641666666667,64.93355
Ethiopia,Sub-Saharan Africa,2002,70142091,2.86736389629885,18.46975,65.24555
Ethiopia,Sub-Saharan Africa,2003,72170584,2.85094829837995,18.320916666666665,64.97765
Ethiopia,Sub-Saharan Africa,2004,74239505,2.82638818346317,18.292749999999998,64.92695
Ethiopia,Sub-Saharan Africa,2005,76346311,2.79832926449156,18.31283333333333,64.96309999999998
Ethiopia,Sub-Saharan Africa,2006,78489206,2.76813986132425,18.427083333333332,65.16874999999999
Ethiopia,Sub-Saharan Africa,2007,80674348,2.74595439464172,18.142583333333334,64.65665
Ethiopia,Sub-Saharan Africa,2008,82916235,2.74102252312532,18.165,64.697
Ethiopia,Sub-Saharan Africa,2009,85233913,2.75685132176147,18.765333333333334,65.7776
Ethiopia,Sub-Saharan Africa,2010,87639964,2.78377094113393,18.29825,64.93685
Ethiopia,Sub-Saharan Africa,2011,90139927,2.81261034549877,18.606749999999998,65.49215
Ethiopia,Sub-Saharan Africa,2012,92726971,2.82961721422517,18.448583333333332,65.20745
Ethiopia,Sub-Saharan Africa,2013,95385785,2.82701836060576,19.539,67.1702
France,Europe & Central Asia,2000,60912500,0.684929253818552,11.739666666666666,53.13139999999999
France,Europe & Central Asia,2001,61357430,0.727786404872444,11.371250000000002,52.46824999999999
France,Europe & Central Asia,2002,61805267,0.727231515093808,11.871333333333332,53.36840000000001
France,Europe & Central Asia,2003,62244886,0.708779199037771,11.9095,53.43710000000001
France,Europe & Central Asia,2004,62704895,0.736313540733143,11.338833333333332,52.4099
France,Europe & Central Asia,2005,63179351,0.753800831613331,11.552916666666668,52.79525000000001
France,Europe & Central Asia,2006,63621381,0.697207001264929,11.788499999999997,53.219300000000004
France,Europe & Central Asia,2007,64016225,0.618697375923742,11.750833333333338,53.151500000000006
France,Europe & Central Asia,2008,64374984,0.558854358516408,11.278249999999998,52.30085
France,Europe & Central Asia,2009,64707040,0.514489503911642,11.464083333333335,52.63535000000001
France,Europe & Central Asia,2010,65027507,0.494035951436993,10.409833333333333,50.7377
France,Europe & Central Asia,2011,65342780,0.483658695308374,12.325750000000001,54.186350000000004
France,Europe & Central Asia,2012,65659809,0.484005119770168,11.219916666666668,52.19585
France,Europe & Central Asia,2013,65998687,0.514784474469256,11.011625,51.820924999999995
United Kingdom,Europe & Central Asia,2000,58892514,0.357300887421605,10.519166666666667,50.93450000000001
United Kingdom,Europe & Central Asia,2001,59119673,0.384975969564228,10.180416666666668,50.32475
United Kingdom,Europe & Central Asia,2002,59370479,0.423337079636281,10.91141666666667,51.64055
United Kingdom,Europe & Central Asia,2003,59647577,0.465641113602993,10.809416666666666,51.456950000000006
United Kingdom,Europe & Central Asia,2004,59987905,0.568943113421317,10.767833333333334,51.3821
United Kingdom,Europe & Central Asia,2005,60401206,0.68661130607346,10.630333333333335,51.134600000000006
United Kingdom,Europe & Central Asia,2006,60846820,0.73504867842129,11.09675,51.97415
United Kingdom,Europe & Central Asia,2007,61322463,0.778666112441256,10.834416666666668,51.501949999999994
United Kingdom,Europe & Central Asia,2008,61806995,0.787032622318939,10.377583333333336,50.67965
United Kingdom,Europe & Central Asia,2009,62276270,0.756390859593407,10.523499999999999,50.942299999999996
United Kingdom,Europe & Central Asia,2010,62766365,0.783888646646516,9.3755,48.8759
United Kingdom,Europe & Central Asia,2011,63258810,0.781506562236639,11.193583333333335,52.148450000000004
United Kingdom,Europe & Central Asia,2012,63700215,0.695353132322269,9.997583333333335,49.995650000000005
United Kingdom,Europe & Central Asia,2013,64128273,0.669740535540783,9.907250000000001,49.83305
Indonesia,East Asia & Pacific,2000,211513823,1.37990952810109,27.32066666666667,81.17719999999998
Indonesia,East Asia & Pacific,2001,214427417,1.36809454948316,27.325874999999996,81.18657499999999
Indonesia,East Asia & Pacific,2002,217357793,1.35735125849306,27.556750000000005,81.60215000000001
Indonesia,East Asia & Pacific,2003,220309469,1.34884237770367,27.602499999999996,81.6845
Indonesia,East Asia & Pacific,2004,223285676,1.34187747195645,27.555458333333334,81.599825
Indonesia,East Asia & Pacific,2005,226289470,1.33630105025304,27.49445833333333,81.49002499999999
Indonesia,East Asia & Pacific,2006,229318262,1.32958086789066,27.471208333333333,81.44817499999999
Indonesia,East Asia & Pacific,2007,232374245,1.32383678952419,27.34654166666667,81.223775
Indonesia,East Asia & Pacific,2008,235469762,1.32333090841565,27.155625,80.88012499999998
Indonesia,East Asia & Pacific,2009,238620563,1.32921817829008,27.498708333333337,81.497675
Indonesia,East Asia & Pacific,2010,241834215,1.33777415662772,27.396208333333337,81.313175
Indonesia,East Asia & Pacific,2011,245116206,1.34799788882488,27.216708333333333,80.990075
Indonesia,East Asia & Pacific,2012,248452413,1.35189219176242,27.420708333333337,81.35727500000003
Indonesia,East Asia & Pacific,2013,251806402,1.34092160105636,27.334874999999997,81.202775
India,South Asia,2000,1056575549,1.76812541234731,26.43346428571429,79.58023571428573
India,South Asia,2001,1075000085,1.7287676376721,26.440124999999995,79.59222499999997
India,South Asia,2002,1093317189,1.68956268109949,26.924029761904773,80.46325357142851
India,South Asia,2003,1111523144,1.65149090571384,26.59692261904762,79.87446071428575
India,South Asia,2004,1129623456,1.61530758962511,26.584357142857122,79.85184285714286
India,South Asia,2005,1147609927,1.57971029004446,26.367458333333357,79.461425
India,South Asia,2006,1165486291,1.54569617765161,26.66477380952381,79.99659285714286
India,South Asia,2007,1183209472,1.50922207007344,26.602214285714272,79.88398571428573
India,South Asia,2008,1200669765,1.46489008016823,26.30471428571428,79.34848571428573
India,South Asia,2009,1217726215,1.41058229969824,27.07802976190474,80.74045357142856
India,South Asia,2010,1234281170,1.35033904507757,26.984166666666667,80.57150000000003
India,South Asia,2011,1250288729,1.28857558007871,26.314190476190475,79.36554285714286
India,South Asia,2012,1265782790,1.23162292802113,26.575880952380956,79.83658571428573
India,South Asia,2013,1280846129,1.18301607012995,27.176232142857142,80.91721785714283
Iraq,Middle East & North Africa,2000,23497585,3.00465917329588,23.89633333333333,75.0134
Iraq,Middle East & North Africa,2001,24208180,2.97929426649658,24.445916666666665,76.00265
Iraq,Middle East & North Africa,2002,24931919,2.94582775276409,23.764749999999996,74.77654999999999
Iraq,Middle East & North Africa,2003,25644499,2.81802145739874,23.880000000000006,74.984
Iraq,Middle East & North Africa,2004,26313838,2.57658758275814,23.721499999999995,74.6987
Iraq,Middle East & North Africa,2005,26922284,2.28593846535902,23.57833333333333,74.44099999999999
Iraq,Middle East & North Africa,2006,27448124,1.93434780196377,23.81625,74.86925000000001
Iraq,Middle East & North Africa,2007,27911248,1.67319385251091,23.924750000000003,75.06454999999998
Iraq,Middle East & North Africa,2008,28385746,1.68573560596418,24.0895,75.36110000000001
Iraq,Middle East & North Africa,2009,28973162,2.04828354549334,23.86733333333333,74.9612
Iraq,Middle East & North Africa,2010,29741976,2.61894281075137,25.493916666666667,77.88905000000001
Iraq,Middle East & North Africa,2011,30725300,3.2527038113747,23.4375,74.1875
Iraq,Middle East & North Africa,2012,31890011,3.72064065173913,24.344833333333337,75.8207
Iraq,Middle East & North Africa,2013,33157050,3.89625377465149,25.142875,77.25717499999999
Italy,Europe & Central Asia,2000,56942108,0.045303631138613,13.42425,56.16365
Italy,Europe & Central Asia,2001,56974100,0.0561676014374784,13.225249999999997,55.80545
Italy,Europe & Central Asia,2002,57059007,0.148916429490753,13.135666666666665,55.64420000000001
Italy,Europe & Central Asia,2003,57313203,0.444507312655549,13.618833333333333,56.51390000000001
Italy,Europe & Central Asia,2004,57685327,0.647182705470772,12.753916666666667,54.95705
Italy,Europe & Central Asia,2005,57969484,0.491389107503214,12.159999999999998,53.888000000000005
Italy,Europe & Central Asia,2006,58143979,0.30055968851778,12.869750000000002,55.16555
Italy,Europe & Central Asia,2007,58438310,0.504933687397673,13.318083333333332,55.972550000000005
Italy,Europe & Central Asia,2008,58826731,0.662469252941527,13.010916666666667,55.41965000000001
Italy,Europe & Central Asia,2009,59095365,0.455613449577732,13.280166666666668,55.904300000000006
Italy,Europe & Central Asia,2010,59277417,0.30759122234095,12.628500000000003,54.731300000000005
Italy,Europe & Central Asia,2011,59379449,0.171978290995717,13.463166666666666,56.2337
Italy,Europe & Central Asia,2012,59539717,0.269541239520996,13.454166666666667,56.21750000000001
Italy,Europe & Central Asia,2013,60233948,1.1592511168095,13.602749999999999,56.484950000000005
Japan,East Asia & Pacific,2000,126843000,0.167275578113187,14.58475,58.252549999999985
Japan,East Asia & Pacific,2001,127149000,0.240952587521069,14.299750000000003,57.73955000000001
Japan,East Asia & Pacific,2002,127445000,0.232527187105684,14.576041666666667,58.236875
Japan,East Asia & Pacific,2003,127718000,0.213980948779682,14.118791666666667,57.413825
Japan,East Asia & Pacific,2004,127761000,0.0336622582725446,15.186125000000002,59.335025
Japan,East Asia & Pacific,2005,127773000,0.00939209655766336,14.174958333333334,57.514925
Japan,East Asia & Pacific,2006,127854000,0.0633735894181335,14.363208333333333,57.85377500000001
Japan,East Asia & Pacific,2007,128001000,0.114908847726211,14.80954166666667,58.657174999999995
Japan,East Asia & Pacific,2008,128063000,0.0484253945978966,14.440875,57.993574999999986
Japan,East Asia & Pacific,2009,128047000,-0.0124946312294096,14.606625,58.291924999999985
Japan,East Asia & Pacific,2010,128070000,0.0179605415195644,14.846708333333332,58.724075000000006
Japan,East Asia & Pacific,2011,127833000,-0.185226486410846,14.378208333333335,57.88077499999999
Japan,East Asia & Pacific,2012,127629000,-0.159710675844347,14.161041666666668,57.48987499999999
Japan,East Asia & Pacific,2013,127445000,-0.144271883387076,14.966437500000003,58.939587499999995
Kenya,Sub-Saharan Africa,2000,31964557,2.74598446736801,16.734583333333337,62.12224999999999
Kenya,Sub-Saharan Africa,2001,32848564,2.72803349098304,16.096833333333333,60.9743
Kenya,Sub-Saharan Africa,2002,33751739,2.71239117927457,16.613833333333332,61.904900000000005
Kenya,Sub-Saharan Africa,2003,34678779,2.70960017630321,16.873833333333334,62.37290000000001
Kenya,Sub-Saharan Africa,2004,35635271,2.72079621276752,16.917749999999998,62.451950000000004
Kenya,Sub-Saharan Africa,2005,36624895,2.73922946311668,17.281916666666664,63.10745000000001
Kenya,Sub-Saharan Africa,2006,37649033,2.7579069546198,16.92475,62.46455
Kenya,Sub-Saharan Africa,2007,38705932,2.76855999579287,16.599416666666666,61.878949999999996
Kenya,Sub-Saharan Africa,2008,39791981,2.76725396349733,16.659166666666664,61.98650000000001
Kenya,Sub-Saharan Africa,2009,40901792,2.75084666918483,17.301833333333335,63.14329999999998
Kenya,Sub-Saharan Africa,2010,42030676,2.72258563675138,16.822333333333336,62.2802
Kenya,Sub-Saharan Africa,2011,43178257,2.69373257244067,16.897000000000002,62.4146
Kenya,Sub-Saharan Africa,2012,44343410,2.66270485977409,16.838,62.3084
Kenya,Sub-Saharan Africa,2013,45519889,2.61852443669926,16.909374999999997,62.436875
Morocco,Middle East & North Africa,2000,28793679,1.18141040978911,18.163666666666668,64.6946
Morocco,Middle East & North Africa,2001,29126330,1.14866921931345,18.727333333333334,65.7092
Morocco,Middle East & North Africa,2002,29454768,1.12132224416802,18.245916666666666,64.84265
Morocco,Middle East & North Africa,2003,29782884,1.10780675650011,18.399083333333337,65.11835
Morocco,Middle East & North Africa,2004,30115214,1.10966264777727,18.071583333333333,64.52885
Morocco,Middle East & North Africa,2005,30455561,1.1238112175633,18.182083333333335,64.72775
Morocco,Middle East & North Africa,2006,30804683,1.13981191369574,18.37908333333333,65.08235
Morocco,Middle East & North Africa,2007,31163673,1.15863656608296,17.934916666666666,64.28285
Morocco,Middle East & North Africa,2008,31536811,1.19023771838308,17.80025,64.04045
Morocco,Middle East & North Africa,2009,31929087,1.23619457979488,18.561333333333334,65.4104
Morocco,Middle East & North Africa,2010,32343389,1.28922289658525,18.82525,65.88544999999999
Morocco,Middle East & North Africa,2011,32781850,1.34653670901257,18.533083333333334,65.35955
Morocco,Middle East & North Africa,2012,33241898,1.3936059661851,18.244666666666667,64.84039999999999
Morocco,Middle East & North Africa,2013,33715693,1.41523283877928,18.789625,65.821325
Mexico,Latin America & Caribbean,2000,98899845,1.4410874716918,16.113916666666665,61.005050000000004
Mexico,Latin America & Caribbean,2001,100298153,1.40396086548011,15.978833333333334,60.7619
Mexico,Latin America & Caribbean,2002,101684758,1.37301396068965,16.37,61.466
Mexico,Latin America & Caribbean,2003,103081020,1.36378613127152,16.651083333333332,61.97195
Mexico,Latin America & Caribbean,2004,104514932,1.38146701870069,16.20441666666667,61.16794999999999
Mexico,Latin America & Caribbean,2005,106005203,1.4158226663881,16.702666666666666,62.0648
Mexico,Latin America & Caribbean,2006,107560153,1.4562076048431,16.373499999999996,61.4723
Mexico,Latin America & Caribbean,2007,109170502,1.48606447529473,16.378083333333333,61.480549999999994
Mexico,Latin America & Caribbean,2008,110815271,1.49536911114693,16.21941666666667,61.19495
Mexico,Latin America & Caribbean,2009,112463887,1.47675759411249,16.653666666666666,61.9766
Mexico,Latin America & Caribbean,2010,114092963,1.43814153288358,15.873083333333334,60.571549999999995
Mexico,Latin America & Caribbean,2011,115695473,1.39479253855144,16.639166666666664,61.950499999999984
Mexico,Latin America & Caribbean,2012,117274155,1.3552892520419,16.426499999999997,61.567699999999995
Mexico,Latin America & Caribbean,2013,118827161,1.31556098414421,17.342444444444443,63.21639999999999
Nigeria,Sub-Saharan Africa,2000,122283850,2.50384696907061,26.716722222222216,80.09010000000002
Nigeria,Sub-Saharan Africa,2001,125394046,2.51161653646957,26.718000000000004,80.09239999999998
Nigeria,Sub-Saharan Africa,2002,128596076,2.52151511108862,27.025027777777773,80.64504999999998
Nigeria,Sub-Saharan Africa,2003,131900631,2.5372545520347,27.11597222222222,80.80874999999999
Nigeria,Sub-Saharan Africa,2004,135320422,2.55966188024473,27.141694444444443,80.85504999999999
Nigeria,Sub-Saharan Africa,2005,138865016,2.58568909447514,27.311222222222213,81.1602
Nigeria,Sub-Saharan Africa,2006,142538308,2.61084382648474,27.388388888888887,81.29910000000001
Nigeria,Sub-Saharan Africa,2007,146339977,2.63217326365436,27.329388888888886,81.1929
Nigeria,Sub-Saharan Africa,2008,150269623,2.64986429293929,27.024888888888896,80.6448
Nigeria,Sub-Saharan Africa,2009,154324933,2.66291669141271,27.4515,81.4127
Nigeria,Sub-Saharan Africa,2010,158503197,2.67144293297664,27.661749999999998,81.79114999999997
Nigeria,Sub-Saharan Africa,2011,162805071,2.67788382710598,27.229111111111116,81.01239999999999
Nigeria,Sub-Saharan Africa,2012,167228767,2.68091355548778,27.007749999999998,80.61394999999999
Nigeria,Sub-Saharan Africa,2013,171765769,2.67690032836617,27.429791666666663,81.373625
Pakistan,South Asia,2000,142343578,2.64739868789172,25.921083333333332,78.65795
Pakistan,South Asia,2001,145978402,2.52149807074211,25.87925,78.58265
Pakistan,South Asia,2002,149549700,2.41700997973482,26.13963888888888,79.05135000000001
Pakistan,South Asia,2003,153093373,2.34192372365491,25.464916666666667,77.83685000000003
Pakistan,South Asia,2004,156664697,2.30598173240965,26.201638888888883,79.16295
Pakistan,South Asia,2005,160304008,2.29642288055496,25.375166666666665,77.67530000000002
Pakistan,South Asia,2006,164022627,2.29323253973896,25.68772222222222,78.2379
Pakistan,South Asia,2007,167808105,2.28167065966113,25.84002777777778,78.51205
Pakistan,South Asia,2008,171648986,2.26305181005178,25.506861111111107,77.91235
Pakistan,South Asia,2009,175525609,2.2333339971915,26.048638888888902,78.88754999999998
Pakistan,South Asia,2010,179424641,2.19703399896102,26.136722222222218,79.0461
Pakistan,South Asia,2011,183340592,2.15902890237783,25.657527777777783,78.18355000000001
Pakistan,South Asia,2012,187281475,2.1267117557464,25.496222222222226,77.89320000000002
Pakistan,South Asia,2013,191262919,2.10363216926499,26.372291666666666,79.47012500000001
Peru,Latin America & Caribbean,2000,26459944,1.45287598200945,17.018166666666666,62.6327
Peru,Latin America & Caribbean,2001,26799285,1.27431657739862,16.948666666666668,62.5076
Peru,Latin America & Caribbean,2002,27100968,1.11942387484829,17.44333333333333,63.398
Peru,Latin America & Caribbean,2003,27372226,0.995940286383992,17.35683333333333,63.24229999999999
Peru,Latin America & Caribbean,2004,27624213,0.916382107556129,17.293749999999996,63.12875000000002
Peru,Latin America & Caribbean,2005,27866145,0.871984040730567,17.019499999999997,62.6351
Peru,Latin America & Caribbean,2006,28102056,0.843022977126391,17.608333333333334,63.69499999999999
Peru,Latin America & Caribbean,2007,28333052,0.818629743825196,16.68016666666667,62.024300000000004
Peru,Latin America & Caribbean,2008,28562317,0.80592232705653,17.337416666666666,63.20735
Peru,Latin America & Caribbean,2009,28792655,0.803205826108256,17.396999999999995,63.31459999999999
Peru,Latin America & Caribbean,2010,29027674,0.812933092400048,16.968999999999998,62.54419999999999
Peru,Latin America & Caribbean,2011,29264318,0.811930736644263,17.03475,62.66255000000001
Peru,Latin America & Caribbean,2012,29506788,0.825138038811882,17.68091666666667,63.82565000000002
Peru,Latin America & Caribbean,2013,29773987,0.901475426085886,16.995375,62.591674999999995
Philippines,East Asia & Pacific,2000,77991755,2.15904319962954,27.020666666666667,80.63719999999999
Philippines,East Asia & Pacific,2001,79672873,2.13260480205448,27.17125,80.90825
Philippines,East Asia & Pacific,2002,81365258,2.10192120093769,27.10308333333334,80.78555000000001
Philippines,East Asia & Pacific,2003,83051971,2.05181924647104,27.07316666666667,80.7317
Philippines,East Asia & Pacific,2004,84710542,1.97734882542352,27.094250000000002,80.76965
Philippines,East Asia & Pacific,2005,86326250,1.88936666103242,27.12041666666667,80.81675
Philippines,East Asia & Pacific,2006,87888675,1.79372334667574,27.23091666666667,81.01565
Philippines,East Asia & Pacific,2007,89405482,1.71110434098395,27.20625,80.97125
Philippines,East Asia & Pacific,2008,90901965,1.65996179015077,26.937583333333333,80.48765
Philippines,East Asia & Pacific,2009,92414158,1.64985739065939,26.915916666666664,80.44865000000001
Philippines,East Asia & Pacific,2010,93966780,1.66611235345885,27.492333333333338,81.48620000000001
Philippines,East Asia & Pacific,2011,95570047,1.69181395114085,26.8165,80.2697
Philippines,East Asia & Pacific,2012,97212638,1.70412685264899,27.336416666666665,81.20555
Philippines,East Asia & Pacific,2013,98871552,1.6920829575655,27.868999999999996,82.16420000000001
Saudi Arabia,Middle East & North Africa,2000,20663843,2.29738309080615,27.36516666666667,81.2573
Saudi Arabia,Middle East & North Africa,2001,21202642,2.57403385445926,27.61391666666667,81.70504999999999
Saudi Arabia,Middle East & North Africa,2002,21805313,2.80278591428322,27.501,81.50179999999999
Saudi Arabia,Middle East & North Africa,2003,22456649,2.94330839062855,27.702541666666665,81.864575
Saudi Arabia,Middle East & North Africa,2004,23132682,2.9659683224838,27.355166666666666,81.2393
Saudi Arabia,Middle East & North Africa,2005,23816183,2.9118884765255,27.399166666666662,81.31850000000001
Saudi Arabia,Middle East & North Africa,2006,24498310,2.82388279857124,27.41304166666667,81.34347500000001
Saudi Arabia,Middle East & North Africa,2007,25184597,2.7628441901697,27.517374999999998,81.53127500000001
Saudi Arabia,Middle East & North Africa,2008,25888541,2.75678608896131,27.46149999999999,81.43069999999999
Saudi Arabia,Middle East & North Africa,2009,26630303,2.82493395351063,27.72229166666666,81.900125
Saudi Arabia,Middle East & North Africa,2010,27421461,2.927617708437,28.398416666666666,83.11715
Saudi Arabia,Middle East & North Africa,2011,28267685,3.03933244337957,27.438000000000002,81.38840000000002
Saudi Arabia,Middle East & North Africa,2012,29155187,3.09135592234937,27.914625,82.246325
Saudi Arabia,Middle East & North Africa,2013,30052518,3.03136125002084,28.326687500000002,82.98803749999999
Sudan,Sub-Saharan Africa,2000,27275015,2.4063370071213,29.621250000000003,85.31825
Sudan,Sub-Saharan Africa,2001,27971082,2.52001090971083,29.805499999999995,85.6499
Sudan,Sub-Saharan Africa,2002,28704778,2.58923989751537,29.989500000000003,85.98109999999998
Sudan,Sub-Saharan Africa,2003,29460519,2.59874382418319,29.679916666666667,85.42385
Sudan,Sub-Saharan Africa,2004,30214193,2.5260752881144,29.890416666666667,85.80275
Sudan,Sub-Saharan Africa,2005,30949516,2.4045580013927,30.168333333333333,86.303
Sudan,Sub-Saharan Africa,2006,31661823,2.27542724561239,29.551833333333335,85.19330000000001
Sudan,Sub-Saharan Africa,2007,32360621,2.18306490261831,29.584166666666672,85.25149999999998
Sudan,Sub-Saharan Africa,2008,33060837,2.14071273121231,29.911333333333335,85.84039999999999
Sudan,Sub-Saharan Africa,2009,33783788,2.16316327753659,30.46016666666667,86.82830000000001
Sudan,Sub-Saharan Africa,2010,34545013,2.22821558093138,30.730166666666666,87.3143
Sudan,Sub-Saharan Africa,2011,35349681,2.30261699951746,29.963666666666665,85.93459999999999
Sudan,Sub-Saharan Africa,2012,36193783,2.35979954945711,29.96108333333333,85.92995
Sudan,Sub-Saharan Africa,2013,37072550,2.39894398236147,30.6505,87.1709
Senegal,Sub-Saharan Africa,2000,9797734,2.36514802226824,25.259333333333334,77.46679999999999
Senegal,Sub-Saharan Africa,2001,10036104,2.40378566945575,25.792,78.42559999999999
Senegal,Sub-Saharan Africa,2002,10283699,2.43710290635036,25.404166666666672,77.7275
Senegal,Sub-Saharan Africa,2003,10541467,2.4756697280447,25.25091666666667,77.45165
Senegal,Sub-Saharan Africa,2004,10810083,2.51625922087616,25.38083333333334,77.6855
Senegal,Sub-Saharan Africa,2005,11090116,2.55749514838353,25.784416666666672,78.41195
Senegal,Sub-Saharan Africa,2006,11382268,2.60024446721441,25.320666666666668,77.5772
Senegal,Sub-Saharan Africa,2007,11687080,2.64272522867452,25.33575,77.60435
Senegal,Sub-Saharan Africa,2008,12004701,2.68143649337825,25.497749999999996,77.89595000000001
Senegal,Sub-Saharan Africa,2009,12335084,2.71492367746846,25.011499999999998,77.0207
Senegal,Sub-Saharan Africa,2010,12678148,2.74323217107268,26.103666666666665,78.9866
Senegal,Sub-Saharan Africa,2011,13033809,2.76667922615095,25.411,77.7398
Senegal,Sub-Saharan Africa,2012,13401991,2.78566041882681,25.473000000000003,77.8514
Senegal,Sub-Saharan Africa,2013,13782420,2.79905889934828,24.695375000000006,76.45167500000001
Singapore,East Asia & Pacific,2000,4027887,1.73204223254257,27.096500000000002,80.77370000000002
Singapore,East Asia & Pacific,2001,4138012,2.69735584326358,27.189333333333334,80.9408
Singapore,East Asia & Pacific,2002,4175950,0.912639805776796,27.40608333333333,81.33094999999999
Singapore,East Asia & Pacific,2003,4114826,-1.47453284191939,27.311833333333336,81.1613
Singapore,East Asia & Pacific,2004,4166664,1.2519166730553,27.328666666666663,81.19160000000001
Singapore,East Asia & Pacific,2005,4265762,2.35051128857175,27.493583333333333,81.48845000000001
Singapore,East Asia & Pacific,2006,4401365,3.1293891560754,27.32841666666667,81.19115000000001
Singapore,East Asia & Pacific,2007,4588599,4.16600286360933,27.129999999999995,80.83399999999999
Singapore,East Asia & Pacific,2008,4839396,5.32151708302623,27.06766666666667,80.72180000000002
Singapore,East Asia & Pacific,2009,4987573,3.0159499147579,27.473333333333333,81.45200000000001
Singapore,East Asia & Pacific,2010,5076732,1.77183287926401,27.6035,81.6863
Singapore,East Asia & Pacific,2011,5183688,2.08490245606007,27.282166666666665,81.1079
Singapore,East Asia & Pacific,2012,5312437,2.45339033031018,27.303583333333336,81.14645
Singapore,East Asia & Pacific,2013,5399162,1.61930809858875,27.602874999999997,81.685175
Somalia,Sub-Saharan Africa,2000,8872254,3.65765151618095,27.78741666666667,82.01735000000001
Somalia,Sub-Saharan Africa,2001,9186725,3.48306282053769,27.678916666666666,81.82204999999999
Somalia,Sub-Saharan Africa,2002,9501342,3.36735445482079,27.773500000000002,81.9923
Somalia,Sub-Saharan Africa,2003,9815412,3.25207516262233,28.03291666666667,82.45925000000001
Somalia,Sub-Saharan Africa,2004,10130243,3.15715027129659,27.853166666666667,82.1357
Somalia,Sub-Saharan Africa,2005,10446863,3.07764358299275,28.081333333333333,82.5464
Somalia,Sub-Saharan Africa,2006,10763905,2.98966651535587,27.783,82.00939999999999
Somalia,Sub-Saharan Africa,2007,11080121,2.89541947267609,28.084750000000003,82.55255
Somalia,Sub-Saharan Africa,2008,11397188,2.82140564694311,27.745416666666667,81.94175
Somalia,Sub-Saharan Africa,2009,11717692,2.77331781217351,28.225333333333335,82.8056
Somalia,Sub-Saharan Africa,2010,12043883,2.74570597634056,28.025583333333334,82.44605
Somalia,Sub-Saharan Africa,2011,12376302,2.72266188498611,28.27508333333334,82.89515
Somalia,Sub-Saharan Africa,2012,12715510,2.70389931343089,28.1895,82.74109999999999
Somalia,Sub-Saharan Africa,2013,13063706,2.70153426462899,27.941375,82.29447499999999
Thailand,East Asia & Pacific,2000,62952642,1.04442412963011,27.522999999999996,81.54140000000001
Thailand,East Asia & Pacific,2001,63539196,0.927424588770348,27.81283333333333,82.0631
Thailand,East Asia & Pacific,2002,64069087,0.830501019571074,27.981499999999997,82.36670000000001
Thailand,East Asia & Pacific,2003,64549866,0.74760558699721,27.789999999999996,82.02200000000002
Thailand,East Asia & Pacific,2004,64995299,0.687690282292456,27.797666666666668,82.03580000000001
Thailand,East Asia & Pacific,2005,65416189,0.645482185364692,27.924333333333337,82.2638
Thailand,East Asia & Pacific,2006,65812536,0.604057084567053,27.91808333333334,82.25255
Thailand,East Asia & Pacific,2007,66182067,0.559919810404096,27.787166666666668,82.0169
Thailand,East Asia & Pacific,2008,66530984,0.525822895794406,27.480916666666673,81.46565
Thailand,East Asia & Pacific,2009,66866839,0.5035400160023,27.78566666666667,82.0142
Thailand,East Asia & Pacific,2010,67195028,0.489609257201181,28.536916666666666,83.36645
Thailand,East Asia & Pacific,2011,67518382,0.480063003382418,27.558333333333334,81.605
Thailand,East Asia & Pacific,2012,67835957,0.469250686880267,28.483833333333333,83.27089999999998
Thailand,East Asia & Pacific,2013,68144501,0.453807163254549,28.984750000000002,84.17255
Turkey,Europe & Central Asia,2000,63240194,1.51809700314105,14.21675,57.59015000000001
Turkey,Europe & Central Asia,2001,64192243,1.49422978354996,15.351861111111113,59.633349999999986
Turkey,Europe & Central Asia,2002,65145367,1.47388103748909,14.497499999999999,58.0955
Turkey,Europe & Central Asia,2003,66089402,1.43872129482708,14.332055555555554,57.79770000000001
Turkey,Europe & Central Asia,2004,67010930,1.3847339240455,14.39713888888889,57.91485
Turkey,Europe & Central Asia,2005,67903469,1.32313826832396,14.417250000000003,57.95105000000001
Turkey,Europe & Central Asia,2006,68756810,1.24886630889516,14.312222222222223,57.76199999999999
Turkey,Europe & Central Asia,2007,69581848,1.19279425406817,15.148444444444449,59.26720000000003
Turkey,Europe & Central Asia,2008,70418604,1.19537608895098,14.90358333333333,58.826449999999994
Turkey,Europe & Central Asia,2009,71321399,1.27389190018432,14.99561111111111,58.9921
Turkey,Europe & Central Asia,2010,72326988,1.40009289035218,16.046583333333338,60.88385000000002
Turkey,Europe & Central Asia,2011,73443863,1.53240081692763,13.880333333333331,56.9846
Turkey,Europe & Central Asia,2012,74653016,1.63295793530935,14.987416666666668,58.97734999999997
Turkey,Europe & Central Asia,2013,75928564,1.69420258458879,16.165625,61.098125
Tanzania,Sub-Saharan Africa,2000,33499180,2.46891804226977,26.183499999999995,79.13029999999999
Tanzania,Sub-Saharan Africa,2001,34385856,2.61243561185592,26.27525,79.29544999999999
Tanzania,Sub-Saharan Africa,2002,35334788,2.72226573697669,26.35908333333333,79.44635
Tanzania,Sub-Saharan Africa,2003,36337782,2.79900520249718,26.692666666666668,80.0468
Tanzania,Sub-Saharan Africa,2004,37379767,2.82715422953644,26.342250000000003,79.41605000000001
Tanzania,Sub-Saharan Africa,2005,38450320,2.82374496856091,26.79625,80.23325000000001
Tanzania,Sub-Saharan Africa,2006,39548663,2.81648699187457,26.361916666666662,79.45145000000001
Tanzania,Sub-Saharan Africa,2007,40681414,2.82394413391384,26.451083333333326,79.61195000000001
Tanzania,Sub-Saharan Africa,2008,41853944,2.84147041615063,26.174583333333334,79.11425
Tanzania,Sub-Saharan Africa,2009,43073834,2.87296791488756,26.668333333333337,80.003
Tanzania,Sub-Saharan Africa,2010,44346525,2.91186387014622,26.70441666666667,80.06795000000001
Tanzania,Sub-Saharan Africa,2011,45673338,2.94803623980046,26.557916666666667,79.80425000000001
Tanzania,Sub-Saharan Africa,2012,47052481,2.97488816967363,26.50825,79.71485
Tanzania,Sub-Saharan Africa,2013,48482266,2.99344858145892,26.763125000000002,80.17362499999999
Ukraine,Europe & Central Asia,2000,49176500,-1.00657902702927,8.818750000000001,47.87375
Ukraine,Europe & Central Asia,2001,48662400,-1.05092091504282,8.424000000000001,47.163199999999996
Ukraine,Europe & Central Asia,2002,48202470,-0.949639340714078,8.874833333333333,47.974700000000006
Ukraine,Europe & Central Asia,2003,47812949,-0.811376216452802,7.799083333333333,46.03835
Ukraine,Europe & Central Asia,2004,47451626,-0.758571027336172,8.323583333333334,46.98245
Ukraine,Europe & Central Asia,2005,47105171,-0.732800943705215,8.387416666666669,47.097350000000006
Ukraine,Europe & Central Asia,2006,46787786,-0.676059672626708,7.884499999999998,46.1921
Ukraine,Europe & Central Asia,2007,46509355,-0.596871080118823,9.456,49.0208
Ukraine,Europe & Central Asia,2008,46258189,-0.541496740974727,9.238249999999999,48.62884999999999
Ukraine,Europe & Central Asia,2009,46053331,-0.443841324029999,8.819749999999997,47.875550000000004
Ukraine,Europe & Central Asia,2010,45870741,-0.397263167656909,8.965,48.137
Ukraine,Europe & Central Asia,2011,45706086,-0.359600092788762,8.479666666666667,47.26340000000001
Ukraine,Europe & Central Asia,2012,45593342,-0.246976481186878,8.564583333333333,47.41625
Ukraine,Europe & Central Asia,2013,45489648,-0.227691350050529,10.331375,50.596475
United States,North America,2000,282162411,1.11276899679534,12.567361111111113,54.621249999999996
United States,North America,2001,284968955,0.989741382223669,13.033444444444447,55.460200000000015
United States,North America,2002,287625193,0.927797485710314,13.0715,55.52870000000001
United States,North America,2003,290107933,0.859481712840946,12.42075,54.35734999999999
United States,North America,2004,292805298,0.925483968943482,12.628583333333337,54.73144999999999
United States,North America,2005,295516599,0.921713167161207,12.898888888888889,55.218
United States,North America,2006,298379912,0.964253917136075,13.337611111111112,56.0077
United States,North America,2007,301231207,0.951055242772428,12.925194444444443,55.26535000000001
United States,North America,2008,304093966,0.945865287282592,12.632944444444446,54.73930000000001
United States,North America,2009,306771529,0.876651298802912,12.372388888888885,54.2703
United States,North America,2010,309321666,0.827846041704304,13.020166666666668,55.43630000000002
United States,North America,2011,311556874,0.720017688665691,12.787111111111109,55.0168
United States,North America,2012,313830990,0.727268997193117,13.960777777777778,57.1294
United States,North America,2013,315993715,0.686773155567634,13.957148148148145,57.122866666666674
Vietnam,East Asia & Pacific,2000,79910412,1.10043444707364,27.588916666666663,81.66005000000001
Vietnam,East Asia & Pacific,2001,80742499,1.03589089738478,27.83175,82.09715
Vietnam,East Asia & Pacific,2002,81534407,0.976003678932233,28.064750000000004,82.51655000000001
Vietnam,East Asia & Pacific,2003,82301656,0.936612605074648,27.82766666666667,82.08980000000001
Vietnam,East Asia & Pacific,2004,83062821,0.920597203854393,27.686583333333335,81.83585
Vietnam,East Asia & Pacific,2005,83832661,0.9225479932993,27.884000000000004,82.1912
Vietnam,East Asia & Pacific,2006,84617540,0.931889276896448,28.044,82.4792
Vietnam,East Asia & Pacific,2007,85419591,0.943390356825401,27.86666666666667,82.16000000000001
Vietnam,East Asia & Pacific,2008,86243413,0.959820468453461,27.611416666666667,81.70055
Vietnam,East Asia & Pacific,2009,87092252,0.979424269726398,27.85333333333334,82.13600000000001
Vietnam,East Asia & Pacific,2010,87967651,1.00012199453749,28.28175,82.90715
Vietnam,East Asia & Pacific,2011,88871561,1.02230479554791,27.675416666666667,81.81575
Vietnam,East Asia & Pacific,2012,89802487,1.04204772234833,28.248749999999998,82.84775
Vietnam,East Asia & Pacific,2013,90753472,1.05340615641098,28.455,83.219
South Africa,Sub-Saharan Africa,2000,44967708,1.40902882442672,18.944708333333338,66.100475
South Africa,Sub-Saharan Africa,2001,45571274,1.33329297020517,19.082375000000003,66.34827499999999
South Africa,Sub-Saharan Africa,2002,46150913,1.26391821942012,18.860958333333336,65.94972499999999
South Africa,Sub-Saharan Africa,2003,46719196,1.22383853993369,18.86466666666667,65.95639999999999
South Africa,Sub-Saharan Africa,2004,47291610,1.2177771861167,19.041208333333337,66.274175
South Africa,Sub-Saharan Africa,2005,47880601,1.23775314959079,19.00629166666667,66.21132500000003
South Africa,Sub-Saharan Africa,2006,48489459,1.26360012905847,18.893916666666666,66.00905
South Africa,Sub-Saharan Africa,2007,49119759,1.29149433596128,18.88916666666667,66.0005
South Africa,Sub-Saharan Africa,2008,49779471,1.33412926501881,18.71525,65.68745
South Africa,Sub-Saharan Africa,2009,50477011,1.39153347856978,18.830916666666667,65.89565
South Africa,Sub-Saharan Africa,2010,51216964,1.45528003824746,19.106333333333335,66.3914
South Africa,Sub-Saharan Africa,2011,52004172,1.5253140838922,18.67170833333333,65.60907500000002
South Africa,Sub-Saharan Africa,2012,52834005,1.58310713698288,18.924249999999997,66.06365000000001
South Africa,Sub-Saharan Africa,2013,53689236,1.60575169931034,18.982812499999998,66.1690625
Zimbabwe,Sub-Saharan Africa,2000,11881477,0.495761344074177,20.283666666666672,68.5106
Zimbabwe,Sub-Saharan Africa,2001,11923914,0.356533063905084,20.861,69.5498
Zimbabwe,Sub-Saharan Africa,2002,11954290,0.254424632487411,21.079333333333338,69.94279999999999
Zimbabwe,Sub-Saharan Africa,2003,11982224,0.233400842587955,20.889166666666668,69.60050000000001
Zimbabwe,Sub-Saharan Africa,2004,12019912,0.314038975309532,20.30766666666667,68.55379999999998
Zimbabwe,Sub-Saharan Africa,2005,12076699,0.471328562569945,21.487416666666665,70.67735
Zimbabwe,Sub-Saharan Africa,2006,12155491,0.650310827693939,20.69975,69.25955
Zimbabwe,Sub-Saharan Africa,2007,12255922,0.822824689676551,20.74625,69.34325
Zimbabwe,Sub-Saharan Africa,2008,12379549,1.00365881192894,20.6805,69.2249
Zimbabwe,Sub-Saharan Africa,2009,12526968,1.18379235089659,20.523833333333336,68.94290000000001
Zimbabwe,Sub-Saharan Africa,2010,12697723,1.35389256748755,21.165833333333335,70.0985
Zimbabwe,Sub-Saharan Africa,2011,12894316,1.53639080596533,20.78175,69.40715000000002
Zimbabwe,Sub-Saharan Africa,2012,13115131,1.69800077206632,20.523333333333333,68.942
Zimbabwe,Sub-Saharan Africa,2013,13350356,1.77764493257099,19.7565,67.5617
